id,bioguide,portrait_url,image_url,label
106005029501370_2748585571909956_2_1.jpg__V000129.jpg,V000129,https://socialanalytics.ex.ac.uk/congress/portraits/V000129.jpg,https://socialanalytics.ex.ac.uk/congress/validation/V000129/106005029501370_2748585571909956_2_1.jpg,Don't know
1064764650266616_2606253036117762_0_1.jpg__D000626.jpg,D000626,https://socialanalytics.ex.ac.uk/congress/portraits/D000626.jpg,https://socialanalytics.ex.ac.uk/congress/validation/D000626/1064764650266616_2606253036117762_0_1.jpg,
107330253280356_639473683399341_0_1.jpg__B001309.jpg,B001309,https://socialanalytics.ex.ac.uk/congress/portraits/B001309.jpg,https://socialanalytics.ex.ac.uk/congress/validation/B001309/107330253280356_639473683399341_0_1.jpg,
1078747235659198_1305268566340396_4_0.jpg__S001207.jpg,S001207,https://socialanalytics.ex.ac.uk/congress/portraits/S001207.jpg,https://socialanalytics.ex.ac.uk/congress/validation/S001207/1078747235659198_1305268566340396_4_0.jpg,
109673587226930_134724841388471_1_8.jpg__D000096.jpg,D000096,https://socialanalytics.ex.ac.uk/congress/portraits/D000096.jpg,https://socialanalytics.ex.ac.uk/congress/validation/D000096/109673587226930_134724841388471_1_8.jpg,
111324359048459_1437620686418813_1_3.jpg__M001198.jpg,M001198,https://socialanalytics.ex.ac.uk/congress/portraits/M001198.jpg,https://socialanalytics.ex.ac.uk/congress/validation/M001198/111324359048459_1437620686418813_1_3.jpg,
118514606128_10157273328841129_2_2.jpg__G000546.jpg,G000546,https://socialanalytics.ex.ac.uk/congress/portraits/G000546.jpg,https://socialanalytics.ex.ac.uk/congress/validation/G000546/118514606128_10157273328841129_2_2.jpg,
118514606128_10157399368791129_1_0.jpg__G000546.jpg,G000546,https://socialanalytics.ex.ac.uk/congress/portraits/G000546.jpg,https://socialanalytics.ex.ac.uk/congress/validation/G000546/118514606128_10157399368791129_1_0.jpg,
1188674881166390_3842888875744964_0_1.jpg__R000600.jpg,R000600,https://socialanalytics.ex.ac.uk/congress/portraits/R000600.jpg,https://socialanalytics.ex.ac.uk/congress/validation/R000600/1188674881166390_3842888875744964_0_1.jpg,
1188674881166390_3938358882864629_0_10.jpg__R000600.jpg,R000600,https://socialanalytics.ex.ac.uk/congress/portraits/R000600.jpg,https://socialanalytics.ex.ac.uk/congress/validation/R000600/1188674881166390_3938358882864629_0_10.jpg,
1229789977123022_2509329955835678_0_1.jpg__L000589.jpg,L000589,https://socialanalytics.ex.ac.uk/congress/portraits/L000589.jpg,https://socialanalytics.ex.ac.uk/congress/validation/L000589/1229789977123022_2509329955835678_0_1.jpg,
1229789977123022_2944441795657823_0_1.jpg__L000589.jpg,L000589,https://socialanalytics.ex.ac.uk/congress/portraits/L000589.jpg,https://socialanalytics.ex.ac.uk/congress/validation/L000589/1229789977123022_2944441795657823_0_1.jpg,
124462944390458_1350852125084861_1_0.jpg__W000815.jpg,W000815,https://socialanalytics.ex.ac.uk/congress/portraits/W000815.jpg,https://socialanalytics.ex.ac.uk/congress/validation/W000815/124462944390458_1350852125084861_1_0.jpg,
124537988007_10156948546288008_1_1.jpg__K000385.jpg,K000385,https://socialanalytics.ex.ac.uk/congress/portraits/K000385.jpg,https://socialanalytics.ex.ac.uk/congress/validation/K000385/124537988007_10156948546288008_1_1.jpg,
127744320598870_3154673267905945_1_11.jpg__C000537.jpg,C000537,https://socialanalytics.ex.ac.uk/congress/portraits/C000537.jpg,https://socialanalytics.ex.ac.uk/congress/validation/C000537/127744320598870_3154673267905945_1_11.jpg,
1316372698453411_3555155594575099_1_1.jpg__O000172.jpg,O000172,https://socialanalytics.ex.ac.uk/congress/portraits/O000172.jpg,https://socialanalytics.ex.ac.uk/congress/validation/O000172/1316372698453411_3555155594575099_1_1.jpg,
1342596452479696_3496603733745613_3_0.jpg__O000171.jpg,O000171,https://socialanalytics.ex.ac.uk/congress/portraits/O000171.jpg,https://socialanalytics.ex.ac.uk/congress/validation/O000171/1342596452479696_3496603733745613_3_0.jpg,
1342596452479696_4197695793636400_0_0.jpg__O000171.jpg,O000171,https://socialanalytics.ex.ac.uk/congress/portraits/O000171.jpg,https://socialanalytics.ex.ac.uk/congress/validation/O000171/1342596452479696_4197695793636400_0_0.jpg,
134928224095590_268518460736565_2_13.jpg__G000588.jpg,G000588,https://socialanalytics.ex.ac.uk/congress/portraits/G000588.jpg,https://socialanalytics.ex.ac.uk/congress/validation/G000588/134928224095590_268518460736565_2_13.jpg,
135445766485586_3209683139061818_0_2.jpg__B001257.jpg,B001257,https://socialanalytics.ex.ac.uk/congress/portraits/B001257.jpg,https://socialanalytics.ex.ac.uk/congress/validation/B001257/135445766485586_3209683139061818_0_2.jpg,
139766499461199_2942202805884207_1_0.jpg__R000597.jpg,R000597,https://socialanalytics.ex.ac.uk/congress/portraits/R000597.jpg,https://socialanalytics.ex.ac.uk/congress/validation/R000597/139766499461199_2942202805884207_1_0.jpg,
1400772006635782_2674508155928821_1_0.jpg__H001090.jpg,H001090,https://socialanalytics.ex.ac.uk/congress/portraits/H001090.jpg,https://socialanalytics.ex.ac.uk/congress/validation/H001090/1400772006635782_2674508155928821_1_0.jpg,
1404888666493762_2444376315878320_2_1.jpg__L000585.jpg,L000585,https://socialanalytics.ex.ac.uk/congress/portraits/L000585.jpg,https://socialanalytics.ex.ac.uk/congress/validation/L000585/1404888666493762_2444376315878320_2_1.jpg,
1411983362382190_2559491864297995_4_16.jpg__B001292.jpg,B001292,https://socialanalytics.ex.ac.uk/congress/portraits/B001292.jpg,https://socialanalytics.ex.ac.uk/congress/validation/B001292/1411983362382190_2559491864297995_4_16.jpg,
1412651415412110_3846761842001043_4_0.jpg__J000298.jpg,J000298,https://socialanalytics.ex.ac.uk/congress/portraits/J000298.jpg,https://socialanalytics.ex.ac.uk/congress/validation/J000298/1412651415412110_3846761842001043_4_0.jpg,
142138025817425_3051862388178293_1_1.jpg__T000470.jpg,T000470,https://socialanalytics.ex.ac.uk/congress/portraits/T000470.jpg,https://socialanalytics.ex.ac.uk/congress/validation/T000470/142138025817425_3051862388178293_1_1.jpg,
142803045874943_1504446336377267_0_3.jpg__K000383.jpg,K000383,https://socialanalytics.ex.ac.uk/congress/portraits/K000383.jpg,https://socialanalytics.ex.ac.uk/congress/validation/K000383/142803045874943_1504446336377267_0_3.jpg,
144410222713433_783754285445687_3_2.jpg__C001112.jpg,C001112,https://socialanalytics.ex.ac.uk/congress/portraits/C001112.jpg,https://socialanalytics.ex.ac.uk/congress/validation/C001112/144410222713433_783754285445687_3_2.jpg,
145764842143763_2503860303000860_0_0.jpg__H001058.jpg,H001058,https://socialanalytics.ex.ac.uk/congress/portraits/H001058.jpg,https://socialanalytics.ex.ac.uk/congress/validation/H001058/145764842143763_2503860303000860_0_0.jpg,
146497782066300_2430894630293259_1_4.jpg__C001053.jpg,C001053,https://socialanalytics.ex.ac.uk/congress/portraits/C001053.jpg,https://socialanalytics.ex.ac.uk/congress/validation/C001053/146497782066300_2430894630293259_1_4.jpg,
153386471383393_3189451334443543_2_2.jpg__M001143.jpg,M001143,https://socialanalytics.ex.ac.uk/congress/portraits/M001143.jpg,https://socialanalytics.ex.ac.uk/congress/validation/M001143/153386471383393_3189451334443543_2_2.jpg,
1556349414611517_2688081288104985_2_0.jpg__B001292.jpg,B001292,https://socialanalytics.ex.ac.uk/congress/portraits/B001292.jpg,https://socialanalytics.ex.ac.uk/congress/validation/B001292/1556349414611517_2688081288104985_2_0.jpg,
1576257352609470_2623731791195349_2_7.jpg__T000476.jpg,T000476,https://socialanalytics.ex.ac.uk/congress/portraits/T000476.jpg,https://socialanalytics.ex.ac.uk/congress/validation/T000476/1576257352609470_2623731791195349_2_7.jpg,
165987503528599_2679512455509412_0_0.jpg__G000359.jpg,G000359,https://socialanalytics.ex.ac.uk/congress/portraits/G000359.jpg,https://socialanalytics.ex.ac.uk/congress/validation/G000359/165987503528599_2679512455509412_0_0.jpg,
1664697016967755_2361338173970299_0_4.jpg__T000479.jpg,T000479,https://socialanalytics.ex.ac.uk/congress/portraits/T000479.jpg,https://socialanalytics.ex.ac.uk/congress/validation/T000479/1664697016967755_2361338173970299_0_4.jpg,
169479190984_10158611768995985_2_8.jpg__J000032.jpg,J000032,https://socialanalytics.ex.ac.uk/congress/portraits/J000032.jpg,https://socialanalytics.ex.ac.uk/congress/validation/J000032/169479190984_10158611768995985_2_8.jpg,
169479190984_10158615525110985_2_1.jpg__J000032.jpg,J000032,https://socialanalytics.ex.ac.uk/congress/portraits/J000032.jpg,https://socialanalytics.ex.ac.uk/congress/validation/J000032/169479190984_10158615525110985_2_1.jpg,
172573036140374_3687819177949058_0_0.jpg__W000810.jpg,W000810,https://socialanalytics.ex.ac.uk/congress/portraits/W000810.jpg,https://socialanalytics.ex.ac.uk/congress/validation/W000810/172573036140374_3687819177949058_0_0.jpg,
173753129419169_2594354484025676_0_2.jpg__K000009.jpg,K000009,https://socialanalytics.ex.ac.uk/congress/portraits/K000009.jpg,https://socialanalytics.ex.ac.uk/congress/validation/K000009/173753129419169_2594354484025676_0_2.jpg,
174750213023790_658053498026790_0_1.jpg__D000482.jpg,D000482,https://socialanalytics.ex.ac.uk/congress/portraits/D000482.jpg,https://socialanalytics.ex.ac.uk/congress/validation/D000482/174750213023790_658053498026790_0_1.jpg,
176942192453747_1505546139593339_4_0.jpg__V000130.jpg,V000130,https://socialanalytics.ex.ac.uk/congress/portraits/V000130.jpg,https://socialanalytics.ex.ac.uk/congress/validation/V000130/176942192453747_1505546139593339_4_0.jpg,
177551525610164_3146294392069181_0_0.jpg__H001056.jpg,H001056,https://socialanalytics.ex.ac.uk/congress/portraits/H001056.jpg,https://socialanalytics.ex.ac.uk/congress/validation/H001056/177551525610164_3146294392069181_0_0.jpg,
179042532903649_852300512244511_0_1.jpg__H001079.jpg,H001079,https://socialanalytics.ex.ac.uk/congress/portraits/H001079.jpg,https://socialanalytics.ex.ac.uk/congress/validation/H001079/179042532903649_852300512244511_0_1.jpg,
1800759923583199_2567188003607050_1_0.jpg__C001109.jpg,C001109,https://socialanalytics.ex.ac.uk/congress/portraits/C001109.jpg,https://socialanalytics.ex.ac.uk/congress/validation/C001109/1800759923583199_2567188003607050_1_0.jpg,
1800759923583199_2861053537553827_1_1.jpg__C001109.jpg,C001109,https://socialanalytics.ex.ac.uk/congress/portraits/C001109.jpg,https://socialanalytics.ex.ac.uk/congress/validation/C001109/1800759923583199_2861053537553827_1_1.jpg,
182567716746_10157404911311747_0_0.jpg__G000559.jpg,G000559,https://socialanalytics.ex.ac.uk/congress/portraits/G000559.jpg,https://socialanalytics.ex.ac.uk/congress/validation/G000559/182567716746_10157404911311747_0_0.jpg,
182567716746_10157924974511747_0_0.jpg__G000559.jpg,G000559,https://socialanalytics.ex.ac.uk/congress/portraits/G000559.jpg,https://socialanalytics.ex.ac.uk/congress/validation/G000559/182567716746_10157924974511747_0_0.jpg,
1840872046193573_2496892570591514_3_0.jpg__M001199.jpg,M001199,https://socialanalytics.ex.ac.uk/congress/portraits/M001199.jpg,https://socialanalytics.ex.ac.uk/congress/validation/M001199/1840872046193573_2496892570591514_3_0.jpg,
187268144624279_4853534214664292_1_0.jpg__D000615.jpg,D000615,https://socialanalytics.ex.ac.uk/congress/portraits/D000615.jpg,https://socialanalytics.ex.ac.uk/congress/validation/D000615/187268144624279_4853534214664292_1_0.jpg,
191056827594903_3022568491110375_1_0.jpg__K000376.jpg,K000376,https://socialanalytics.ex.ac.uk/congress/portraits/K000376.jpg,https://socialanalytics.ex.ac.uk/congress/validation/K000376/191056827594903_3022568491110375_1_0.jpg,
191056827594903_3086110074756216_2_1.jpg__K000376.jpg,K000376,https://socialanalytics.ex.ac.uk/congress/portraits/K000376.jpg,https://socialanalytics.ex.ac.uk/congress/validation/K000376/191056827594903_3086110074756216_2_1.jpg,
191056827594903_3088397981194092_5_3.jpg__K000376.jpg,K000376,https://socialanalytics.ex.ac.uk/congress/portraits/K000376.jpg,https://socialanalytics.ex.ac.uk/congress/validation/K000376/191056827594903_3088397981194092_5_3.jpg,
191428784201721_3087468964597674_1_3.jpg__T000470.jpg,T000470,https://socialanalytics.ex.ac.uk/congress/portraits/T000470.jpg,https://socialanalytics.ex.ac.uk/congress/validation/T000470/191428784201721_3087468964597674_1_3.jpg,
194172833926853_2977649368912505_1_2.jpg__W000802.jpg,W000802,https://socialanalytics.ex.ac.uk/congress/portraits/W000802.jpg,https://socialanalytics.ex.ac.uk/congress/validation/W000802/194172833926853_2977649368912505_1_2.jpg,
198923770576_10164129115540577_1_10.jpg__K000382.jpg,K000382,https://socialanalytics.ex.ac.uk/congress/portraits/K000382.jpg,https://socialanalytics.ex.ac.uk/congress/validation/K000382/198923770576_10164129115540577_1_10.jpg,
204705339555378_4536906069668595_0_0.jpg__C000266.jpg,C000266,https://socialanalytics.ex.ac.uk/congress/portraits/C000266.jpg,https://socialanalytics.ex.ac.uk/congress/validation/C000266/204705339555378_4536906069668595_0_0.jpg,
2054764874600948_2617944818282948_1_0.jpg__B001310.jpg,B001310,https://socialanalytics.ex.ac.uk/congress/portraits/B001310.jpg,https://socialanalytics.ex.ac.uk/congress/validation/B001310/2054764874600948_2617944818282948_1_0.jpg,
206690159663661_1258478861151447_0_1.jpg__G000581.jpg,G000581,https://socialanalytics.ex.ac.uk/congress/portraits/G000581.jpg,https://socialanalytics.ex.ac.uk/congress/validation/G000581/206690159663661_1258478861151447_0_1.jpg,
212153802255530_1927247994079427_1_2.jpg__H001067.jpg,H001067,https://socialanalytics.ex.ac.uk/congress/portraits/H001067.jpg,https://socialanalytics.ex.ac.uk/congress/validation/H001067/212153802255530_1927247994079427_1_2.jpg,
212467835513438_3072613949498798_0_0.jpg__G000582.jpg,G000582,https://socialanalytics.ex.ac.uk/congress/portraits/G000582.jpg,https://socialanalytics.ex.ac.uk/congress/validation/G000582/212467835513438_3072613949498798_0_0.jpg,
219597368974078_489186632015149_0_5.jpg__G000592.jpg,G000592,https://socialanalytics.ex.ac.uk/congress/portraits/G000592.jpg,https://socialanalytics.ex.ac.uk/congress/validation/G000592/219597368974078_489186632015149_0_5.jpg,
2204789813171086_2645790275737702_5_0.jpg__M001205.jpg,M001205,https://socialanalytics.ex.ac.uk/congress/portraits/M001205.jpg,https://socialanalytics.ex.ac.uk/congress/validation/M001205/2204789813171086_2645790275737702_5_0.jpg,
2218570775052027_2656047797970987_3_4.jpg__C001118.jpg,C001118,https://socialanalytics.ex.ac.uk/congress/portraits/C001118.jpg,https://socialanalytics.ex.ac.uk/congress/validation/C001118/2218570775052027_2656047797970987_3_4.jpg,
2262606377291435_2591320027753400_1_3.jpg__B001309.jpg,B001309,https://socialanalytics.ex.ac.uk/congress/portraits/B001309.jpg,https://socialanalytics.ex.ac.uk/congress/validation/B001309/2262606377291435_2591320027753400_1_3.jpg,
231362217777723_610951239818817_3_0.jpg__V000133.jpg,V000133,https://socialanalytics.ex.ac.uk/congress/portraits/V000133.jpg,https://socialanalytics.ex.ac.uk/congress/validation/V000133/231362217777723_610951239818817_3_0.jpg,
231362217777723_695571868023420_1_4.jpg__V000133.jpg,V000133,https://socialanalytics.ex.ac.uk/congress/portraits/V000133.jpg,https://socialanalytics.ex.ac.uk/congress/validation/V000133/231362217777723_695571868023420_1_4.jpg,
245244468941114_1897234027075475_1_2.jpg__R000599.jpg,R000599,https://socialanalytics.ex.ac.uk/congress/portraits/R000599.jpg,https://socialanalytics.ex.ac.uk/congress/validation/R000599/245244468941114_1897234027075475_1_2.jpg,
262447300551014_2378626342266422_1_4.jpg__T000472.jpg,T000472,https://socialanalytics.ex.ac.uk/congress/portraits/T000472.jpg,https://socialanalytics.ex.ac.uk/congress/validation/T000472/262447300551014_2378626342266422_1_4.jpg,
265206000840176_420178328676275_0_2.jpg__R000612.jpg,R000612,https://socialanalytics.ex.ac.uk/congress/portraits/R000612.jpg,https://socialanalytics.ex.ac.uk/congress/validation/R000612/265206000840176_420178328676275_0_2.jpg,
271736323517059_494612084562814_1_0.jpg__S001214.jpg,S001214,https://socialanalytics.ex.ac.uk/congress/portraits/S001214.jpg,https://socialanalytics.ex.ac.uk/congress/validation/S001214/271736323517059_494612084562814_1_0.jpg,
281956319183075_516401629071875_0_0.jpg__C001120.jpg,C001120,https://socialanalytics.ex.ac.uk/congress/portraits/C001120.jpg,https://socialanalytics.ex.ac.uk/congress/validation/C001120/281956319183075_516401629071875_0_0.jpg,
288586617834523_3112689215424235_2_9.jpg__S000510.jpg,S000510,https://socialanalytics.ex.ac.uk/congress/portraits/S000510.jpg,https://socialanalytics.ex.ac.uk/congress/validation/S000510/288586617834523_3112689215424235_2_9.jpg,
294879797332635_1750463225107611_0_0.jpg__D000624.jpg,D000624,https://socialanalytics.ex.ac.uk/congress/portraits/D000624.jpg,https://socialanalytics.ex.ac.uk/congress/validation/D000624/294879797332635_1750463225107611_0_0.jpg,
302091670421610_445559999408109_0_4.jpg__T000483.jpg,T000483,https://socialanalytics.ex.ac.uk/congress/portraits/T000483.jpg,https://socialanalytics.ex.ac.uk/congress/validation/T000483/302091670421610_445559999408109_0_4.jpg,
306677319421291_3431350820287243_1_0.jpg__H000324.jpg,H000324,https://socialanalytics.ex.ac.uk/congress/portraits/H000324.jpg,https://socialanalytics.ex.ac.uk/congress/validation/H000324/306677319421291_3431350820287243_1_0.jpg,
314669989151531_472929466658915_5_1.jpg__D000630.jpg,D000630,https://socialanalytics.ex.ac.uk/congress/portraits/D000630.jpg,https://socialanalytics.ex.ac.uk/congress/validation/D000630/314669989151531_472929466658915_5_1.jpg,
314669989151531_545962552688939_3_0.jpg__D000630.jpg,D000630,https://socialanalytics.ex.ac.uk/congress/portraits/D000630.jpg,https://socialanalytics.ex.ac.uk/congress/validation/D000630/314669989151531_545962552688939_3_0.jpg,
315402818913523_866579057129227_0_0.jpg__N000190.jpg,N000190,https://socialanalytics.ex.ac.uk/congress/portraits/N000190.jpg,https://socialanalytics.ex.ac.uk/congress/validation/N000190/315402818913523_866579057129227_0_0.jpg,
317667194946264_2589558934423734_0_0.jpg__K000389.jpg,K000389,https://socialanalytics.ex.ac.uk/congress/portraits/K000389.jpg,https://socialanalytics.ex.ac.uk/congress/validation/K000389/317667194946264_2589558934423734_0_0.jpg,
321618789771_10158079838849772_1_1.jpg__M001159.jpg,M001159,https://socialanalytics.ex.ac.uk/congress/portraits/M001159.jpg,https://socialanalytics.ex.ac.uk/congress/validation/M001159/321618789771_10158079838849772_1_1.jpg,
323937814315116_3144568362252033_1_3.jpg__E000215.jpg,E000215,https://socialanalytics.ex.ac.uk/congress/portraits/E000215.jpg,https://socialanalytics.ex.ac.uk/congress/validation/E000215/323937814315116_3144568362252033_1_3.jpg,
323937814315116_3478405332201666_1_9.jpg__E000215.jpg,E000215,https://socialanalytics.ex.ac.uk/congress/portraits/E000215.jpg,https://socialanalytics.ex.ac.uk/congress/validation/E000215/323937814315116_3478405332201666_1_9.jpg,
351671691660938_1326554174172680_0_13.jpg__E000295.jpg,E000295,https://socialanalytics.ex.ac.uk/congress/portraits/E000295.jpg,https://socialanalytics.ex.ac.uk/congress/validation/E000295/351671691660938_1326554174172680_0_13.jpg,
369214063089791_2885377241473448_2_0.jpg__L000571.jpg,L000571,https://socialanalytics.ex.ac.uk/congress/portraits/L000571.jpg,https://socialanalytics.ex.ac.uk/congress/validation/L000571/369214063089791_2885377241473448_2_0.jpg,
369214063089791_3700636026614228_4_2.jpg__L000571.jpg,L000571,https://socialanalytics.ex.ac.uk/congress/portraits/L000571.jpg,https://socialanalytics.ex.ac.uk/congress/validation/L000571/369214063089791_3700636026614228_4_2.jpg,
373841513163182_735745390306124_1_1.jpg__A000378.jpg,A000378,https://socialanalytics.ex.ac.uk/congress/portraits/A000378.jpg,https://socialanalytics.ex.ac.uk/congress/validation/A000378/373841513163182_735745390306124_1_1.jpg,
373980880018659_561778281238917_2_3.jpg__S001209.jpg,S001209,https://socialanalytics.ex.ac.uk/congress/portraits/S001209.jpg,https://socialanalytics.ex.ac.uk/congress/validation/S001209/373980880018659_561778281238917_2_3.jpg,
407767916003589_2598406946939664_0_17.jpg__C001051.jpg,C001051,https://socialanalytics.ex.ac.uk/congress/portraits/C001051.jpg,https://socialanalytics.ex.ac.uk/congress/validation/C001051/407767916003589_2598406946939664_0_17.jpg,
407767916003589_2807309216049435_3_5.jpg__C001051.jpg,C001051,https://socialanalytics.ex.ac.uk/congress/portraits/C001051.jpg,https://socialanalytics.ex.ac.uk/congress/validation/C001051/407767916003589_2807309216049435_3_5.jpg,
450819048314124_2641719069224100_2_1.jpg__K000381.jpg,K000381,https://socialanalytics.ex.ac.uk/congress/portraits/K000381.jpg,https://socialanalytics.ex.ac.uk/congress/validation/K000381/450819048314124_2641719069224100_2_1.jpg,
450819048314124_2687894391273234_0_0.jpg__K000381.jpg,K000381,https://socialanalytics.ex.ac.uk/congress/portraits/K000381.jpg,https://socialanalytics.ex.ac.uk/congress/validation/K000381/450819048314124_2687894391273234_0_0.jpg,
450819048314124_3660661750663155_0_1.jpg__K000381.jpg,K000381,https://socialanalytics.ex.ac.uk/congress/portraits/K000381.jpg,https://socialanalytics.ex.ac.uk/congress/validation/K000381/450819048314124_3660661750663155_0_1.jpg,
484300471681895_3189499261161989_1_0.jpg__K000386.jpg,K000386,https://socialanalytics.ex.ac.uk/congress/portraits/K000386.jpg,https://socialanalytics.ex.ac.uk/congress/validation/K000386/484300471681895_3189499261161989_1_0.jpg,
48944157124_10158269835372125_0_0.jpg__C001114.jpg,C001114,https://socialanalytics.ex.ac.uk/congress/portraits/C001114.jpg,https://socialanalytics.ex.ac.uk/congress/validation/C001114/48944157124_10158269835372125_0_0.jpg,
498751820147706_3807228145966707_1_9.jpg__C001096.jpg,C001096,https://socialanalytics.ex.ac.uk/congress/portraits/C001096.jpg,https://socialanalytics.ex.ac.uk/congress/validation/C001096/498751820147706_3807228145966707_1_9.jpg,
510462622331477_3089812174396496_0_3.jpg__V000132.jpg,V000132,https://socialanalytics.ex.ac.uk/congress/portraits/V000132.jpg,https://socialanalytics.ex.ac.uk/congress/validation/V000132/510462622331477_3089812174396496_0_3.jpg,
51052893175_10157862830483176_5_1.jpg__M001165.jpg,M001165,https://socialanalytics.ex.ac.uk/congress/portraits/M001165.jpg,https://socialanalytics.ex.ac.uk/congress/validation/M001165/51052893175_10157862830483176_5_1.jpg,
552403241860058_876699946097051_1_9.jpg__J000032.jpg,J000032,https://socialanalytics.ex.ac.uk/congress/portraits/J000032.jpg,https://socialanalytics.ex.ac.uk/congress/validation/J000032/552403241860058_876699946097051_1_9.jpg,
552403241860058_925896851177360_1_0.jpg__J000032.jpg,J000032,https://socialanalytics.ex.ac.uk/congress/portraits/J000032.jpg,https://socialanalytics.ex.ac.uk/congress/validation/J000032/552403241860058_925896851177360_1_0.jpg,
567581313441592_1144902589042792_2_0.jpg__K000389.jpg,K000389,https://socialanalytics.ex.ac.uk/congress/portraits/K000389.jpg,https://socialanalytics.ex.ac.uk/congress/validation/K000389/567581313441592_1144902589042792_2_0.jpg,
6352928631_10158688300523632_0_0.jpg__L000557.jpg,L000557,https://socialanalytics.ex.ac.uk/congress/portraits/L000557.jpg,https://socialanalytics.ex.ac.uk/congress/validation/L000557/6352928631_10158688300523632_0_0.jpg,
6596078916_10158610687793917_3_21.jpg__C001069.jpg,C001069,https://socialanalytics.ex.ac.uk/congress/portraits/C001069.jpg,https://socialanalytics.ex.ac.uk/congress/validation/C001069/6596078916_10158610687793917_3_21.jpg,
662684547112113_3033737406673470_2_3.jpg__G000577.jpg,G000577,https://socialanalytics.ex.ac.uk/congress/portraits/G000577.jpg,https://socialanalytics.ex.ac.uk/congress/validation/G000577/662684547112113_3033737406673470_2_3.jpg,
662684547112113_3443795452334328_0_0.jpg__G000577.jpg,G000577,https://socialanalytics.ex.ac.uk/congress/portraits/G000577.jpg,https://socialanalytics.ex.ac.uk/congress/validation/G000577/662684547112113_3443795452334328_0_0.jpg,
6766783198_10157507982123199_4_9.jpg__C001051.jpg,C001051,https://socialanalytics.ex.ac.uk/congress/portraits/C001051.jpg,https://socialanalytics.ex.ac.uk/congress/validation/C001051/6766783198_10157507982123199_4_9.jpg,
6781166087_10157588693251088_0_1.jpg__C001070.jpg,C001070,https://socialanalytics.ex.ac.uk/congress/portraits/C001070.jpg,https://socialanalytics.ex.ac.uk/congress/validation/C001070/6781166087_10157588693251088_0_1.jpg,
69362317921_10159057768757922_0_0.jpg__C000266.jpg,C000266,https://socialanalytics.ex.ac.uk/congress/portraits/C000266.jpg,https://socialanalytics.ex.ac.uk/congress/validation/C000266/69362317921_10159057768757922_0_0.jpg,
70063393423_10157053432048424_1_2.jpg__C000059.jpg,C000059,https://socialanalytics.ex.ac.uk/congress/portraits/C000059.jpg,https://socialanalytics.ex.ac.uk/congress/validation/C000059/70063393423_10157053432048424_1_2.jpg,
708346842676287_1643259002518395_1_2.jpg__B001311.jpg,B001311,https://socialanalytics.ex.ac.uk/congress/portraits/B001311.jpg,https://socialanalytics.ex.ac.uk/congress/validation/B001311/708346842676287_1643259002518395_1_2.jpg,
749310315216443_1642894155858050_0_5.jpg__R000607.jpg,R000607,https://socialanalytics.ex.ac.uk/congress/portraits/R000607.jpg,https://socialanalytics.ex.ac.uk/congress/validation/R000607/749310315216443_1642894155858050_0_5.jpg,
7593313361_10159346885458362_0_11.jpg__C001035.jpg,C001035,https://socialanalytics.ex.ac.uk/congress/portraits/C001035.jpg,https://socialanalytics.ex.ac.uk/congress/validation/C001035/7593313361_10159346885458362_0_11.jpg,
7606381190_10156489628716191_0_3.jpg__K000367.jpg,K000367,https://socialanalytics.ex.ac.uk/congress/portraits/K000367.jpg,https://socialanalytics.ex.ac.uk/congress/validation/K000367/7606381190_10156489628716191_0_3.jpg,
7606381190_10156489628716191_0_5.jpg__K000367.jpg,K000367,https://socialanalytics.ex.ac.uk/congress/portraits/K000367.jpg,https://socialanalytics.ex.ac.uk/congress/validation/K000367/7606381190_10156489628716191_0_5.jpg,
7801901317_10158840181641318_0_6.jpg__P000593.jpg,P000593,https://socialanalytics.ex.ac.uk/congress/portraits/P000593.jpg,https://socialanalytics.ex.ac.uk/congress/validation/P000593/7801901317_10158840181641318_0_6.jpg,
8045519803_10158025265894804_5_7.jpg__M001156.jpg,M001156,https://socialanalytics.ex.ac.uk/congress/portraits/M001156.jpg,https://socialanalytics.ex.ac.uk/congress/validation/M001156/8045519803_10158025265894804_5_7.jpg,
809836039361670_1190275437984393_0_8.jpg__A000377.jpg,A000377,https://socialanalytics.ex.ac.uk/congress/portraits/A000377.jpg,https://socialanalytics.ex.ac.uk/congress/validation/A000377/809836039361670_1190275437984393_0_8.jpg,
81125319109_10158626645844110_6_0.jpg__M001177.jpg,M001177,https://socialanalytics.ex.ac.uk/congress/portraits/M001177.jpg,https://socialanalytics.ex.ac.uk/congress/validation/M001177/81125319109_10158626645844110_6_0.jpg,
839764049423558_2758301420903135_1_0.jpg__G000574.jpg,G000574,https://socialanalytics.ex.ac.uk/congress/portraits/G000574.jpg,https://socialanalytics.ex.ac.uk/congress/validation/G000574/839764049423558_2758301420903135_1_0.jpg,
868348663497441_1498223580509943_1_1.jpg__P000615.jpg,P000615,https://socialanalytics.ex.ac.uk/congress/portraits/P000615.jpg,https://socialanalytics.ex.ac.uk/congress/validation/P000615/868348663497441_1498223580509943_1_1.jpg,
9252726787_10158795915886788_2_0.jpg__B000574.jpg,B000574,https://socialanalytics.ex.ac.uk/congress/portraits/B000574.jpg,https://socialanalytics.ex.ac.uk/congress/validation/B000574/9252726787_10158795915886788_2_0.jpg,
9275036647_10157500619206648_3_3.jpg__T000463.jpg,T000463,https://socialanalytics.ex.ac.uk/congress/portraits/T000463.jpg,https://socialanalytics.ex.ac.uk/congress/validation/T000463/9275036647_10157500619206648_3_3.jpg,
9275036647_10158493870726648_2_0.jpg__T000463.jpg,T000463,https://socialanalytics.ex.ac.uk/congress/portraits/T000463.jpg,https://socialanalytics.ex.ac.uk/congress/validation/T000463/9275036647_10158493870726648_2_0.jpg,
984228501766229_1217574781764932_2_0.jpg__C001117.jpg,C001117,https://socialanalytics.ex.ac.uk/congress/portraits/C001117.jpg,https://socialanalytics.ex.ac.uk/congress/validation/C001117/984228501766229_1217574781764932_2_0.jpg,
D0-zlnqXQAE3Z4B_1.jpg__P000597.jpg,P000597,https://socialanalytics.ex.ac.uk/congress/portraits/P000597.jpg,https://socialanalytics.ex.ac.uk/congress/validation/P000597/D0-zlnqXQAE3Z4B_1.jpg,
D0R3HylX0AAtfUZ_1.jpg__H001053.jpg,H001053,https://socialanalytics.ex.ac.uk/congress/portraits/H001053.jpg,https://socialanalytics.ex.ac.uk/congress/validation/H001053/D0R3HylX0AAtfUZ_1.jpg,
D0SHshSX4AEPv2J_3.jpg__H001053.jpg,H001053,https://socialanalytics.ex.ac.uk/congress/portraits/H001053.jpg,https://socialanalytics.ex.ac.uk/congress/validation/H001053/D0SHshSX4AEPv2J_3.jpg,
D0SldoNWwAAhHgV_3.jpg__C001118.jpg,C001118,https://socialanalytics.ex.ac.uk/congress/portraits/C001118.jpg,https://socialanalytics.ex.ac.uk/congress/validation/C001118/D0SldoNWwAAhHgV_3.jpg,
D0b4qswUUAEIEOI_3.jpg__G000565.jpg,G000565,https://socialanalytics.ex.ac.uk/congress/portraits/G000565.jpg,https://socialanalytics.ex.ac.uk/congress/validation/G000565/D0b4qswUUAEIEOI_3.jpg,
D0coofuUcAAWaDZ_2.jpg__J000032.jpg,J000032,https://socialanalytics.ex.ac.uk/congress/portraits/J000032.jpg,https://socialanalytics.ex.ac.uk/congress/validation/J000032/D0coofuUcAAWaDZ_2.jpg,
D0dVb2IX4AISdRP_5.jpg__S001212.jpg,S001212,https://socialanalytics.ex.ac.uk/congress/portraits/S001212.jpg,https://socialanalytics.ex.ac.uk/congress/validation/S001212/D0dVb2IX4AISdRP_5.jpg,
D10SdirXcAELSeh_0.jpg__S001197.jpg,S001197,https://socialanalytics.ex.ac.uk/congress/portraits/S001197.jpg,https://socialanalytics.ex.ac.uk/congress/validation/S001197/D10SdirXcAELSeh_0.jpg,
D190OotWoAABO3-_8.jpg__C001069.jpg,C001069,https://socialanalytics.ex.ac.uk/congress/portraits/C001069.jpg,https://socialanalytics.ex.ac.uk/congress/validation/C001069/D190OotWoAABO3-_8.jpg,
D198PmKXQAAats8_0.jpg__G000582.jpg,G000582,https://socialanalytics.ex.ac.uk/congress/portraits/G000582.jpg,https://socialanalytics.ex.ac.uk/congress/validation/G000582/D198PmKXQAAats8_0.jpg,
D1FADXGWoAMgbHC_0.jpg__B001288.jpg,B001288,https://socialanalytics.ex.ac.uk/congress/portraits/B001288.jpg,https://socialanalytics.ex.ac.uk/congress/validation/B001288/D1FADXGWoAMgbHC_0.jpg,
D1K6anXWkAAJSbj_2.jpg__B001298.jpg,B001298,https://socialanalytics.ex.ac.uk/congress/portraits/B001298.jpg,https://socialanalytics.ex.ac.uk/congress/validation/B001298/D1K6anXWkAAJSbj_2.jpg,
D1dx_-iWoAEoyB8_16.jpg__H001067.jpg,H001067,https://socialanalytics.ex.ac.uk/congress/portraits/H001067.jpg,https://socialanalytics.ex.ac.uk/congress/validation/H001067/D1dx_-iWoAEoyB8_16.jpg,
D1uskBcX4AAY2PK_1.jpg__B000944.jpg,B000944,https://socialanalytics.ex.ac.uk/congress/portraits/B000944.jpg,https://socialanalytics.ex.ac.uk/congress/validation/B000944/D1uskBcX4AAY2PK_1.jpg,
D1zTLXTW0AAsXEz_6.jpg__K000384.jpg,K000384,https://socialanalytics.ex.ac.uk/congress/portraits/K000384.jpg,https://socialanalytics.ex.ac.uk/congress/validation/K000384/D1zTLXTW0AAsXEz_6.jpg,
D1zywOsWsAE-TST_0.jpg__S001197.jpg,S001197,https://socialanalytics.ex.ac.uk/congress/portraits/S001197.jpg,https://socialanalytics.ex.ac.uk/congress/validation/S001197/D1zywOsWsAE-TST_0.jpg,
D29CQ9KXQAApEgO_2.jpg__C001049.jpg,C001049,https://socialanalytics.ex.ac.uk/congress/portraits/C001049.jpg,https://socialanalytics.ex.ac.uk/congress/validation/C001049/D29CQ9KXQAApEgO_2.jpg,
D2nwODoXgAAPGyX_3.jpg__D000617.jpg,D000617,https://socialanalytics.ex.ac.uk/congress/portraits/D000617.jpg,https://socialanalytics.ex.ac.uk/congress/validation/D000617/D2nwODoXgAAPGyX_3.jpg,
D2oKqxDX0AE6JIx_1.jpg__D000630.jpg,D000630,https://socialanalytics.ex.ac.uk/congress/portraits/D000630.jpg,https://socialanalytics.ex.ac.uk/congress/validation/D000630/D2oKqxDX0AE6JIx_1.jpg,
D2rWBruWoAEfRBy_0.jpg__D000629.jpg,D000629,https://socialanalytics.ex.ac.uk/congress/portraits/D000629.jpg,https://socialanalytics.ex.ac.uk/congress/validation/D000629/D2rWBruWoAEfRBy_0.jpg,
D2sPs9xXgAMtsJ8_2.jpg__J000032.jpg,J000032,https://socialanalytics.ex.ac.uk/congress/portraits/J000032.jpg,https://socialanalytics.ex.ac.uk/congress/validation/J000032/D2sPs9xXgAMtsJ8_2.jpg,
D30BlF9WwAA4Tcm_0.jpg__C001120.jpg,C001120,https://socialanalytics.ex.ac.uk/congress/portraits/C001120.jpg,https://socialanalytics.ex.ac.uk/congress/validation/C001120/D30BlF9WwAA4Tcm_0.jpg,
D3LEL7WXsAAmiWn_4.jpg__C001066.jpg,C001066,https://socialanalytics.ex.ac.uk/congress/portraits/C001066.jpg,https://socialanalytics.ex.ac.uk/congress/validation/C001066/D3LEL7WXsAAmiWn_4.jpg,
D3Q0Q_6WwAEY4b3_15.jpg__S001198.jpg,S001198,https://socialanalytics.ex.ac.uk/congress/portraits/S001198.jpg,https://socialanalytics.ex.ac.uk/congress/validation/S001198/D3Q0Q_6WwAEY4b3_15.jpg,
D3Vc4aNW0AgAhbG_0.jpg__H001056.jpg,H001056,https://socialanalytics.ex.ac.uk/congress/portraits/H001056.jpg,https://socialanalytics.ex.ac.uk/congress/validation/H001056/D3Vc4aNW0AgAhbG_0.jpg,
D3avKLZW0AAg4KF_0.jpg__G000582.jpg,G000582,https://socialanalytics.ex.ac.uk/congress/portraits/G000582.jpg,https://socialanalytics.ex.ac.uk/congress/validation/G000582/D3avKLZW0AAg4KF_0.jpg,
D3vV90sXoAUxe1w_0.jpg__G000582.jpg,G000582,https://socialanalytics.ex.ac.uk/congress/portraits/G000582.jpg,https://socialanalytics.ex.ac.uk/congress/validation/G000582/D3vV90sXoAUxe1w_0.jpg,
D42ujfCWkAALdSv_3.jpg__R000595.jpg,R000595,https://socialanalytics.ex.ac.uk/congress/portraits/R000595.jpg,https://socialanalytics.ex.ac.uk/congress/validation/R000595/D42ujfCWkAALdSv_3.jpg,
D4ZcwqOVUAAUl0J_0.jpg__C001114.jpg,C001114,https://socialanalytics.ex.ac.uk/congress/portraits/C001114.jpg,https://socialanalytics.ex.ac.uk/congress/validation/C001114/D4ZcwqOVUAAUl0J_0.jpg,
D4dp1rrWkBQzvuq_0.jpg__L000491.jpg,L000491,https://socialanalytics.ex.ac.uk/congress/portraits/L000491.jpg,https://socialanalytics.ex.ac.uk/congress/validation/L000491/D4dp1rrWkBQzvuq_0.jpg,
D5-1e_PW4AAf4Oo_0.jpg__B001292.jpg,B001292,https://socialanalytics.ex.ac.uk/congress/portraits/B001292.jpg,https://socialanalytics.ex.ac.uk/congress/validation/B001292/D5-1e_PW4AAf4Oo_0.jpg,
D5A1p8uWsAAi5VW_0.jpg__C001066.jpg,C001066,https://socialanalytics.ex.ac.uk/congress/portraits/C001066.jpg,https://socialanalytics.ex.ac.uk/congress/validation/C001066/D5A1p8uWsAAi5VW_0.jpg,
D5BTAHBXsAEgI3e_3.jpg__M001199.jpg,M001199,https://socialanalytics.ex.ac.uk/congress/portraits/M001199.jpg,https://socialanalytics.ex.ac.uk/congress/validation/M001199/D5BTAHBXsAEgI3e_3.jpg,
D5_JeNhXoAAsnhk_1.jpg__R000597.jpg,R000597,https://socialanalytics.ex.ac.uk/congress/portraits/R000597.jpg,https://socialanalytics.ex.ac.uk/congress/validation/R000597/D5_JeNhXoAAsnhk_1.jpg,
D5_quxRXkAAS3Yd_2.jpg__N000188.jpg,N000188,https://socialanalytics.ex.ac.uk/congress/portraits/N000188.jpg,https://socialanalytics.ex.ac.uk/congress/validation/N000188/D5_quxRXkAAS3Yd_2.jpg,
D5f_Zk5XsAAqem1_3.jpg__T000461.jpg,T000461,https://socialanalytics.ex.ac.uk/congress/portraits/T000461.jpg,https://socialanalytics.ex.ac.uk/congress/validation/T000461/D5f_Zk5XsAAqem1_3.jpg,
D5x5SL-UUAICFWe_0.jpg__S001211.jpg,S001211,https://socialanalytics.ex.ac.uk/congress/portraits/S001211.jpg,https://socialanalytics.ex.ac.uk/congress/validation/S001211/D5x5SL-UUAICFWe_0.jpg,
D6Iz8-GWAAAe26e_1.jpg__C001061.jpg,C001061,https://socialanalytics.ex.ac.uk/congress/portraits/C001061.jpg,https://socialanalytics.ex.ac.uk/congress/validation/C001061/D6Iz8-GWAAAe26e_1.jpg,
D6Jh4n6WwAEzN55_2.jpg__L000589.jpg,L000589,https://socialanalytics.ex.ac.uk/congress/portraits/L000589.jpg,https://socialanalytics.ex.ac.uk/congress/validation/L000589/D6Jh4n6WwAEzN55_2.jpg,
D6KEpmoXoAEYwaI_0.jpg__S001185.jpg,S001185,https://socialanalytics.ex.ac.uk/congress/portraits/S001185.jpg,https://socialanalytics.ex.ac.uk/congress/validation/S001185/D6KEpmoXoAEYwaI_0.jpg,
D6nt36yX4AA_QVv_2.jpg__T000463.jpg,T000463,https://socialanalytics.ex.ac.uk/congress/portraits/T000463.jpg,https://socialanalytics.ex.ac.uk/congress/validation/T000463/D6nt36yX4AA_QVv_2.jpg,
D6ot6hrUwAI6Nrh_0.jpg__P000608.jpg,P000608,https://socialanalytics.ex.ac.uk/congress/portraits/P000608.jpg,https://socialanalytics.ex.ac.uk/congress/validation/P000608/D6ot6hrUwAI6Nrh_0.jpg,
D6sp2qOXkAAo_fy_5.jpg__G000582.jpg,G000582,https://socialanalytics.ex.ac.uk/congress/portraits/G000582.jpg,https://socialanalytics.ex.ac.uk/congress/validation/G000582/D6sp2qOXkAAo_fy_5.jpg,
D6uNhn3XYAAiZWX_12.jpg__R000582.jpg,R000582,https://socialanalytics.ex.ac.uk/congress/portraits/R000582.jpg,https://socialanalytics.ex.ac.uk/congress/validation/R000582/D6uNhn3XYAAiZWX_12.jpg,
D6uNhn7W0AIAkzz_5.jpg__R000582.jpg,R000582,https://socialanalytics.ex.ac.uk/congress/portraits/R000582.jpg,https://socialanalytics.ex.ac.uk/congress/validation/R000582/D6uNhn7W0AIAkzz_5.jpg,
D71CbsgWsAAhRXu_10.jpg__S001217.jpg,S001217,https://socialanalytics.ex.ac.uk/congress/portraits/S001217.jpg,https://socialanalytics.ex.ac.uk/congress/validation/S001217/D71CbsgWsAAhRXu_10.jpg,
D7287YYXoAEPvu5_1.jpg__H001042.jpg,H001042,https://socialanalytics.ex.ac.uk/congress/portraits/H001042.jpg,https://socialanalytics.ex.ac.uk/congress/validation/H001042/D7287YYXoAEPvu5_1.jpg,
D75dTUfXsAAuyR6_10.jpg__B001310.jpg,B001310,https://socialanalytics.ex.ac.uk/congress/portraits/B001310.jpg,https://socialanalytics.ex.ac.uk/congress/validation/B001310/D75dTUfXsAAuyR6_10.jpg,
D7HmX9YXsAEwuP4_0.jpg__H001085.jpg,H001085,https://socialanalytics.ex.ac.uk/congress/portraits/H001085.jpg,https://socialanalytics.ex.ac.uk/congress/validation/H001085/D7HmX9YXsAEwuP4_0.jpg,
D7Q-pnSXkAEPaud_5.jpg__F000454.jpg,F000454,https://socialanalytics.ex.ac.uk/congress/portraits/F000454.jpg,https://socialanalytics.ex.ac.uk/congress/validation/F000454/D7Q-pnSXkAEPaud_5.jpg,
D7QnATkWkAA1jwA_2.jpg__S001165.jpg,S001165,https://socialanalytics.ex.ac.uk/congress/portraits/S001165.jpg,https://socialanalytics.ex.ac.uk/congress/validation/S001165/D7QnATkWkAA1jwA_2.jpg,
D7Rq5QsWwAEurcz_3.jpg__C000174.jpg,C000174,https://socialanalytics.ex.ac.uk/congress/portraits/C000174.jpg,https://socialanalytics.ex.ac.uk/congress/validation/C000174/D7Rq5QsWwAEurcz_3.jpg,
D7mY1BlXoAArgip_3.jpg__F000466.jpg,F000466,https://socialanalytics.ex.ac.uk/congress/portraits/F000466.jpg,https://socialanalytics.ex.ac.uk/congress/validation/F000466/D7mY1BlXoAArgip_3.jpg,
D7vJ04NXkAA4pOf_1.jpg__M001202.jpg,M001202,https://socialanalytics.ex.ac.uk/congress/portraits/M001202.jpg,https://socialanalytics.ex.ac.uk/congress/validation/M001202/D7vJ04NXkAA4pOf_1.jpg,
D7xFAdaXoAA2EJo_2.jpg__T000463.jpg,T000463,https://socialanalytics.ex.ac.uk/congress/portraits/T000463.jpg,https://socialanalytics.ex.ac.uk/congress/validation/T000463/D7xFAdaXoAA2EJo_2.jpg,
D85NxTzWkAA1WI6_2.jpg__A000370.jpg,A000370,https://socialanalytics.ex.ac.uk/congress/portraits/A000370.jpg,https://socialanalytics.ex.ac.uk/congress/validation/A000370/D85NxTzWkAA1WI6_2.jpg,
D85y7OSXYAAmuL4_4.jpg__R000576.jpg,R000576,https://socialanalytics.ex.ac.uk/congress/portraits/R000576.jpg,https://socialanalytics.ex.ac.uk/congress/validation/R000576/D85y7OSXYAAmuL4_4.jpg,
D8PBcoOXUAscJZf_6.jpg__P000615.jpg,P000615,https://socialanalytics.ex.ac.uk/congress/portraits/P000615.jpg,https://socialanalytics.ex.ac.uk/congress/validation/P000615/D8PBcoOXUAscJZf_6.jpg,
D8lB05mXkAEwVBO_1.jpg__L000560.jpg,L000560,https://socialanalytics.ex.ac.uk/congress/portraits/L000560.jpg,https://socialanalytics.ex.ac.uk/congress/validation/L000560/D8lB05mXkAEwVBO_1.jpg,
D9CWyhyX4AEpiUi_0.jpg__G000359.jpg,G000359,https://socialanalytics.ex.ac.uk/congress/portraits/G000359.jpg,https://socialanalytics.ex.ac.uk/congress/validation/G000359/D9CWyhyX4AEpiUi_0.jpg,
D9HtjxnWwAEENhk_1.jpg__D000615.jpg,D000615,https://socialanalytics.ex.ac.uk/congress/portraits/D000615.jpg,https://socialanalytics.ex.ac.uk/congress/validation/D000615/D9HtjxnWwAEENhk_1.jpg,
D9R92w6WsAEIt-m_2.jpg__T000463.jpg,T000463,https://socialanalytics.ex.ac.uk/congress/portraits/T000463.jpg,https://socialanalytics.ex.ac.uk/congress/validation/T000463/D9R92w6WsAEIt-m_2.jpg,
D9TNlLEWkAAL8wV_1.jpg__H001071.jpg,H001071,https://socialanalytics.ex.ac.uk/congress/portraits/H001071.jpg,https://socialanalytics.ex.ac.uk/congress/validation/H001071/D9TNlLEWkAAL8wV_1.jpg,
D9TQPrbX4AAONlk_1.jpg__C001118.jpg,C001118,https://socialanalytics.ex.ac.uk/congress/portraits/C001118.jpg,https://socialanalytics.ex.ac.uk/congress/validation/C001118/D9TQPrbX4AAONlk_1.jpg,
DwACZBUWkAAmBwz_4.jpg__K000368.jpg,K000368,https://socialanalytics.ex.ac.uk/congress/portraits/K000368.jpg,https://socialanalytics.ex.ac.uk/congress/validation/K000368/DwACZBUWkAAmBwz_4.jpg,
DwAIYRDX0AAnCR6_0.jpg__L000569.jpg,L000569,https://socialanalytics.ex.ac.uk/congress/portraits/L000569.jpg,https://socialanalytics.ex.ac.uk/congress/validation/L000569/DwAIYRDX0AAnCR6_0.jpg,
DwB110LX4AEKSJ8_3.jpg__B001270.jpg,B001270,https://socialanalytics.ex.ac.uk/congress/portraits/B001270.jpg,https://socialanalytics.ex.ac.uk/congress/validation/B001270/DwB110LX4AEKSJ8_3.jpg,
DwUO8LVWoAUcbvI_1.jpg__R000597.jpg,R000597,https://socialanalytics.ex.ac.uk/congress/portraits/R000597.jpg,https://socialanalytics.ex.ac.uk/congress/validation/R000597/DwUO8LVWoAUcbvI_1.jpg,
DwZ6j5kVsAAcPcV_1.jpg__B000574.jpg,B000574,https://socialanalytics.ex.ac.uk/congress/portraits/B000574.jpg,https://socialanalytics.ex.ac.uk/congress/validation/B000574/DwZ6j5kVsAAcPcV_1.jpg,
DwfkNuCVsAA8Y1R_0.jpg__L000575.jpg,L000575,https://socialanalytics.ex.ac.uk/congress/portraits/L000575.jpg,https://socialanalytics.ex.ac.uk/congress/validation/L000575/DwfkNuCVsAA8Y1R_0.jpg,
Dwq34SnU0AEnZil_2.jpg__M001196.jpg,M001196,https://socialanalytics.ex.ac.uk/congress/portraits/M001196.jpg,https://socialanalytics.ex.ac.uk/congress/validation/M001196/Dwq34SnU0AEnZil_2.jpg,
DwuudvKWkAAjbid_0.jpg__L000581.jpg,L000581,https://socialanalytics.ex.ac.uk/congress/portraits/L000581.jpg,https://socialanalytics.ex.ac.uk/congress/validation/L000581/DwuudvKWkAAjbid_0.jpg,
Dx8Qi8NXgAUfJse_9.jpg__O000168.jpg,O000168,https://socialanalytics.ex.ac.uk/congress/portraits/O000168.jpg,https://socialanalytics.ex.ac.uk/congress/validation/O000168/Dx8Qi8NXgAUfJse_9.jpg,
DxEm0vEUwAA9SiD_0.jpg__F000462.jpg,F000462,https://socialanalytics.ex.ac.uk/congress/portraits/F000462.jpg,https://socialanalytics.ex.ac.uk/congress/validation/F000462/DxEm0vEUwAA9SiD_0.jpg,
DxEo0rMX4AIHe5t_3.jpg__R000486.jpg,R000486,https://socialanalytics.ex.ac.uk/congress/portraits/R000486.jpg,https://socialanalytics.ex.ac.uk/congress/validation/R000486/DxEo0rMX4AIHe5t_3.jpg,
Dxc4GiQVAAMCLyX_0.jpg__G000585.jpg,G000585,https://socialanalytics.ex.ac.uk/congress/portraits/G000585.jpg,https://socialanalytics.ex.ac.uk/congress/validation/G000585/Dxc4GiQVAAMCLyX_0.jpg,
DxdxhGoWsAAJaDY_1.jpg__S000510.jpg,S000510,https://socialanalytics.ex.ac.uk/congress/portraits/S000510.jpg,https://socialanalytics.ex.ac.uk/congress/validation/S000510/DxdxhGoWsAAJaDY_1.jpg,
Dxmvrr2XQAIHCrH_1.jpg__T000463.jpg,T000463,https://socialanalytics.ex.ac.uk/congress/portraits/T000463.jpg,https://socialanalytics.ex.ac.uk/congress/validation/T000463/Dxmvrr2XQAIHCrH_1.jpg,
Dy7QkmcWsAIwLMp_4.jpg__L000589.jpg,L000589,https://socialanalytics.ex.ac.uk/congress/portraits/L000589.jpg,https://socialanalytics.ex.ac.uk/congress/validation/L000589/Dy7QkmcWsAIwLMp_4.jpg,
DyVlOxFWsAARuh5_1.jpg__P000595.jpg,P000595,https://socialanalytics.ex.ac.uk/congress/portraits/P000595.jpg,https://socialanalytics.ex.ac.uk/congress/validation/P000595/DyVlOxFWsAARuh5_1.jpg,
DyWW59lWsAEyjli_0.jpg__M001143.jpg,M001143,https://socialanalytics.ex.ac.uk/congress/portraits/M001143.jpg,https://socialanalytics.ex.ac.uk/congress/validation/M001143/DyWW59lWsAEyjli_0.jpg,
DysGfenWkAE7QXd_9.jpg__C001049.jpg,C001049,https://socialanalytics.ex.ac.uk/congress/portraits/C001049.jpg,https://socialanalytics.ex.ac.uk/congress/validation/C001049/DysGfenWkAE7QXd_9.jpg,
DysHhxYXcAEy-_P_9.jpg__C001049.jpg,C001049,https://socialanalytics.ex.ac.uk/congress/portraits/C001049.jpg,https://socialanalytics.ex.ac.uk/congress/validation/C001049/DysHhxYXcAEy-_P_9.jpg,
DysLVfXXQAELfc6_5.jpg__C001049.jpg,C001049,https://socialanalytics.ex.ac.uk/congress/portraits/C001049.jpg,https://socialanalytics.ex.ac.uk/congress/validation/C001049/DysLVfXXQAELfc6_5.jpg,
Dz3gxbQXQAAXT5F_3.jpg__W000805.jpg,W000805,https://socialanalytics.ex.ac.uk/congress/portraits/W000805.jpg,https://socialanalytics.ex.ac.uk/congress/validation/W000805/Dz3gxbQXQAAXT5F_3.jpg,
DzZwiNvVAAAczvi_0.jpg__S001197.jpg,S001197,https://socialanalytics.ex.ac.uk/congress/portraits/S001197.jpg,https://socialanalytics.ex.ac.uk/congress/validation/S001197/DzZwiNvVAAAczvi_0.jpg,
EALZy96X4AcmzIg_2.jpg__T000464.jpg,T000464,https://socialanalytics.ex.ac.uk/congress/portraits/T000464.jpg,https://socialanalytics.ex.ac.uk/congress/validation/T000464/EALZy96X4AcmzIg_2.jpg,
EAV_X6KXYAAEXmd_0.jpg__T000464.jpg,T000464,https://socialanalytics.ex.ac.uk/congress/portraits/T000464.jpg,https://socialanalytics.ex.ac.uk/congress/validation/T000464/EAV_X6KXYAAEXmd_0.jpg,
EA_nOLnXsAA-a1m_1.jpg__H001038.jpg,H001038,https://socialanalytics.ex.ac.uk/congress/portraits/H001038.jpg,https://socialanalytics.ex.ac.uk/congress/validation/H001038/EA_nOLnXsAA-a1m_1.jpg,
EAqpSbnXkAA_XSN_0.jpg__L000577.jpg,L000577,https://socialanalytics.ex.ac.uk/congress/portraits/L000577.jpg,https://socialanalytics.ex.ac.uk/congress/validation/L000577/EAqpSbnXkAA_XSN_0.jpg,
EAveqdQWkAAJcg2_0.jpg__M001195.jpg,M001195,https://socialanalytics.ex.ac.uk/congress/portraits/M001195.jpg,https://socialanalytics.ex.ac.uk/congress/validation/M001195/EAveqdQWkAAJcg2_0.jpg,
EAvuQFhX4AASuEv_0.jpg__D000631.jpg,D000631,https://socialanalytics.ex.ac.uk/congress/portraits/D000631.jpg,https://socialanalytics.ex.ac.uk/congress/validation/D000631/EAvuQFhX4AASuEv_0.jpg,
EBUyHc7XYAAnVvT_5.jpg__M001205.jpg,M001205,https://socialanalytics.ex.ac.uk/congress/portraits/M001205.jpg,https://socialanalytics.ex.ac.uk/congress/validation/M001205/EBUyHc7XYAAnVvT_5.jpg,
EBYvFzVXYAET-92_0.jpg__S001213.jpg,S001213,https://socialanalytics.ex.ac.uk/congress/portraits/S001213.jpg,https://socialanalytics.ex.ac.uk/congress/validation/S001213/EBYvFzVXYAET-92_0.jpg,
EBu-devW4AEAClr_2.jpg__L000589.jpg,L000589,https://socialanalytics.ex.ac.uk/congress/portraits/L000589.jpg,https://socialanalytics.ex.ac.uk/congress/validation/L000589/EBu-devW4AEAClr_2.jpg,
EByBl2mWsAAQDtD_3.jpg__H001067.jpg,H001067,https://socialanalytics.ex.ac.uk/congress/portraits/H001067.jpg,https://socialanalytics.ex.ac.uk/congress/validation/H001067/EByBl2mWsAAQDtD_3.jpg,
ECBLe0-X4AAOcnF_0.jpg__R000585.jpg,R000585,https://socialanalytics.ex.ac.uk/congress/portraits/R000585.jpg,https://socialanalytics.ex.ac.uk/congress/validation/R000585/ECBLe0-X4AAOcnF_0.jpg,
ECHZ_ukWsAUT7sl_4.jpg__D000616.jpg,D000616,https://socialanalytics.ex.ac.uk/congress/portraits/D000616.jpg,https://socialanalytics.ex.ac.uk/congress/validation/D000616/ECHZ_ukWsAUT7sl_4.jpg,
ECMUtBtXUAAxnHr_0.jpg__E000295.jpg,E000295,https://socialanalytics.ex.ac.uk/congress/portraits/E000295.jpg,https://socialanalytics.ex.ac.uk/congress/validation/E000295/ECMUtBtXUAAxnHr_0.jpg,
ECrWnCvXoAA5III_7.jpg__C001080.jpg,C001080,https://socialanalytics.ex.ac.uk/congress/portraits/C001080.jpg,https://socialanalytics.ex.ac.uk/congress/validation/C001080/ECrWnCvXoAA5III_7.jpg,
EDOwuOgWsAAsanl_10.jpg__T000483.jpg,T000483,https://socialanalytics.ex.ac.uk/congress/portraits/T000483.jpg,https://socialanalytics.ex.ac.uk/congress/validation/T000483/EDOwuOgWsAAsanl_10.jpg,
EDkeF8RWwAIOCim_3.jpg__C001108.jpg,C001108,https://socialanalytics.ex.ac.uk/congress/portraits/C001108.jpg,https://socialanalytics.ex.ac.uk/congress/validation/C001108/EDkeF8RWwAIOCim_3.jpg,
EDo5EULXUAIQ5w-_2.jpg__R000595.jpg,R000595,https://socialanalytics.ex.ac.uk/congress/portraits/R000595.jpg,https://socialanalytics.ex.ac.uk/congress/validation/R000595/EDo5EULXUAIQ5w-_2.jpg,
EDt3WEDXUAAotmC_3.jpg__S001205.jpg,S001205,https://socialanalytics.ex.ac.uk/congress/portraits/S001205.jpg,https://socialanalytics.ex.ac.uk/congress/validation/S001205/EDt3WEDXUAAotmC_3.jpg,
EE7ryKFXYAA3RdR_4.jpg__H001080.jpg,H001080,https://socialanalytics.ex.ac.uk/congress/portraits/H001080.jpg,https://socialanalytics.ex.ac.uk/congress/validation/H001080/EE7ryKFXYAA3RdR_4.jpg,
EEDJywJX4AAcIvt_0.jpg__B001278.jpg,B001278,https://socialanalytics.ex.ac.uk/congress/portraits/B001278.jpg,https://socialanalytics.ex.ac.uk/congress/validation/B001278/EEDJywJX4AAcIvt_0.jpg,
EEMeovmWwAEdINA_11.jpg__T000469.jpg,T000469,https://socialanalytics.ex.ac.uk/congress/portraits/T000469.jpg,https://socialanalytics.ex.ac.uk/congress/validation/T000469/EEMeovmWwAEdINA_11.jpg,
EEMeovmWwAEdINA_14.jpg__T000469.jpg,T000469,https://socialanalytics.ex.ac.uk/congress/portraits/T000469.jpg,https://socialanalytics.ex.ac.uk/congress/validation/T000469/EEMeovmWwAEdINA_14.jpg,
EEN-1sFWkAE-Eaf_1.jpg__F000455.jpg,F000455,https://socialanalytics.ex.ac.uk/congress/portraits/F000455.jpg,https://socialanalytics.ex.ac.uk/congress/validation/F000455/EEN-1sFWkAE-Eaf_1.jpg,
EESv8c3WkAsGbcm_0.jpg__C001113.jpg,C001113,https://socialanalytics.ex.ac.uk/congress/portraits/C001113.jpg,https://socialanalytics.ex.ac.uk/congress/validation/C001113/EESv8c3WkAsGbcm_0.jpg,
EEXLfAYW4AEVf6d_1.jpg__Y000064.jpg,Y000064,https://socialanalytics.ex.ac.uk/congress/portraits/Y000064.jpg,https://socialanalytics.ex.ac.uk/congress/validation/Y000064/EEXLfAYW4AEVf6d_1.jpg,
EEXROIsWkAAoqoq_1.jpg__P000449.jpg,P000449,https://socialanalytics.ex.ac.uk/congress/portraits/P000449.jpg,https://socialanalytics.ex.ac.uk/congress/validation/P000449/EEXROIsWkAAoqoq_1.jpg,
EEmuC2yWwAI2Gbk_3.jpg__W000802.jpg,W000802,https://socialanalytics.ex.ac.uk/congress/portraits/W000802.jpg,https://socialanalytics.ex.ac.uk/congress/validation/W000802/EEmuC2yWwAI2Gbk_3.jpg,
EF4PdXbXUAAOEPF_2.jpg__S001189.jpg,S001189,https://socialanalytics.ex.ac.uk/congress/portraits/S001189.jpg,https://socialanalytics.ex.ac.uk/congress/validation/S001189/EF4PdXbXUAAOEPF_2.jpg,
EFO4ZX2XYAAuPW5_5.jpg__T000479.jpg,T000479,https://socialanalytics.ex.ac.uk/congress/portraits/T000479.jpg,https://socialanalytics.ex.ac.uk/congress/validation/T000479/EFO4ZX2XYAAuPW5_5.jpg,
EFPZfkWXYAErZI-_1.jpg__C001096.jpg,C001096,https://socialanalytics.ex.ac.uk/congress/portraits/C001096.jpg,https://socialanalytics.ex.ac.uk/congress/validation/C001096/EFPZfkWXYAErZI-_1.jpg,
EFRG881WsAE3xEm_2.jpg__R000486.jpg,R000486,https://socialanalytics.ex.ac.uk/congress/portraits/R000486.jpg,https://socialanalytics.ex.ac.uk/congress/validation/R000486/EFRG881WsAE3xEm_2.jpg,
EFTqBMhWkAAxfDg_0.jpg__P000609.jpg,P000609,https://socialanalytics.ex.ac.uk/congress/portraits/P000609.jpg,https://socialanalytics.ex.ac.uk/congress/validation/P000609/EFTqBMhWkAAxfDg_0.jpg,
EFbKPEqW4AE2jQp_0.jpg__K000385.jpg,K000385,https://socialanalytics.ex.ac.uk/congress/portraits/K000385.jpg,https://socialanalytics.ex.ac.uk/congress/validation/K000385/EFbKPEqW4AE2jQp_0.jpg,
EFbP3-6X4AAR0Hk_0.jpg__S000510.jpg,S000510,https://socialanalytics.ex.ac.uk/congress/portraits/S000510.jpg,https://socialanalytics.ex.ac.uk/congress/validation/S000510/EFbP3-6X4AAR0Hk_0.jpg,
EFt1NNPWwAIOL7I_1.jpg__G000552.jpg,G000552,https://socialanalytics.ex.ac.uk/congress/portraits/G000552.jpg,https://socialanalytics.ex.ac.uk/congress/validation/G000552/EFt1NNPWwAIOL7I_1.jpg,
EFvgGM_XUAA41Yt_0.jpg__G000590.jpg,G000590,https://socialanalytics.ex.ac.uk/congress/portraits/G000590.jpg,https://socialanalytics.ex.ac.uk/congress/validation/G000590/EFvgGM_XUAA41Yt_0.jpg,
EG7TW8rX4AYTFLX_2.jpg__D000399.jpg,D000399,https://socialanalytics.ex.ac.uk/congress/portraits/D000399.jpg,https://socialanalytics.ex.ac.uk/congress/validation/D000399/EG7TW8rX4AYTFLX_2.jpg,
EG89OqSX0AkNris_12.jpg__D000399.jpg,D000399,https://socialanalytics.ex.ac.uk/congress/portraits/D000399.jpg,https://socialanalytics.ex.ac.uk/congress/validation/D000399/EG89OqSX0AkNris_12.jpg,
EGcoCmfWsAoG4-O_0.jpg__W000823.jpg,W000823,https://socialanalytics.ex.ac.uk/congress/portraits/W000823.jpg,https://socialanalytics.ex.ac.uk/congress/validation/W000823/EGcoCmfWsAoG4-O_0.jpg,
EGpJiHdWwAAs3Yu_3.jpg__P000608.jpg,P000608,https://socialanalytics.ex.ac.uk/congress/portraits/P000608.jpg,https://socialanalytics.ex.ac.uk/congress/validation/P000608/EGpJiHdWwAAs3Yu_3.jpg,
EHK87RYX0AEIpjk_1.jpg__B000944.jpg,B000944,https://socialanalytics.ex.ac.uk/congress/portraits/B000944.jpg,https://socialanalytics.ex.ac.uk/congress/validation/B000944/EHK87RYX0AEIpjk_1.jpg,
EHaevQOWsAEQeHx_0.jpg__M001184.jpg,M001184,https://socialanalytics.ex.ac.uk/congress/portraits/M001184.jpg,https://socialanalytics.ex.ac.uk/congress/validation/M001184/EHaevQOWsAEQeHx_0.jpg,
EHmnTMGWkAA2feg_4.jpg__J000032.jpg,J000032,https://socialanalytics.ex.ac.uk/congress/portraits/J000032.jpg,https://socialanalytics.ex.ac.uk/congress/validation/J000032/EHmnTMGWkAA2feg_4.jpg,
EIpEAw2XsAI9xI0_0.jpg__L000578.jpg,L000578,https://socialanalytics.ex.ac.uk/congress/portraits/L000578.jpg,https://socialanalytics.ex.ac.uk/congress/validation/L000578/EIpEAw2XsAI9xI0_0.jpg,
EJ2udw3WoAArk5y_1.jpg__T000461.jpg,T000461,https://socialanalytics.ex.ac.uk/congress/portraits/T000461.jpg,https://socialanalytics.ex.ac.uk/congress/validation/T000461/EJ2udw3WoAArk5y_1.jpg,
EJIIoH_WsAEruDp_2.jpg__T000463.jpg,T000463,https://socialanalytics.ex.ac.uk/congress/portraits/T000463.jpg,https://socialanalytics.ex.ac.uk/congress/validation/T000463/EJIIoH_WsAEruDp_2.jpg,
EJMxidoUYAEKrkG_0.jpg__G000359.jpg,G000359,https://socialanalytics.ex.ac.uk/congress/portraits/G000359.jpg,https://socialanalytics.ex.ac.uk/congress/validation/G000359/EJMxidoUYAEKrkG_0.jpg,
EJQ1jXCX0AA7X4J_3.jpg__G000552.jpg,G000552,https://socialanalytics.ex.ac.uk/congress/portraits/G000552.jpg,https://socialanalytics.ex.ac.uk/congress/validation/G000552/EJQ1jXCX0AA7X4J_3.jpg,
EJSesFgX0AAEpP-_2.jpg__R000584.jpg,R000584,https://socialanalytics.ex.ac.uk/congress/portraits/R000584.jpg,https://socialanalytics.ex.ac.uk/congress/validation/R000584/EJSesFgX0AAEpP-_2.jpg,
EJXLCPJXsAECVcn_3.jpg__W000827.jpg,W000827,https://socialanalytics.ex.ac.uk/congress/portraits/W000827.jpg,https://socialanalytics.ex.ac.uk/congress/validation/W000827/EJXLCPJXsAECVcn_3.jpg,
EK3jUpNW4AALjfF_2.jpg__T000238.jpg,T000238,https://socialanalytics.ex.ac.uk/congress/portraits/T000238.jpg,https://socialanalytics.ex.ac.uk/congress/validation/T000238/EK3jUpNW4AALjfF_2.jpg,
EK3jUpNWsAAv4up_1.jpg__T000238.jpg,T000238,https://socialanalytics.ex.ac.uk/congress/portraits/T000238.jpg,https://socialanalytics.ex.ac.uk/congress/validation/T000238/EK3jUpNWsAAv4up_1.jpg,
EKVTgJQVUAIaRTn_4.jpg__E000215.jpg,E000215,https://socialanalytics.ex.ac.uk/congress/portraits/E000215.jpg,https://socialanalytics.ex.ac.uk/congress/validation/E000215/EKVTgJQVUAIaRTn_4.jpg,
EKe3LzYXkAAdKRB_3.jpg__D000618.jpg,D000618,https://socialanalytics.ex.ac.uk/congress/portraits/D000618.jpg,https://socialanalytics.ex.ac.uk/congress/validation/D000618/EKe3LzYXkAAdKRB_3.jpg,
EKjyZIkWkAUoRA3_6.jpg__L000588.jpg,L000588,https://socialanalytics.ex.ac.uk/congress/portraits/L000588.jpg,https://socialanalytics.ex.ac.uk/congress/validation/L000588/EKjyZIkWkAUoRA3_6.jpg,
EKo5HwdWwAEIlWH_0.jpg__B001278.jpg,B001278,https://socialanalytics.ex.ac.uk/congress/portraits/B001278.jpg,https://socialanalytics.ex.ac.uk/congress/validation/B001278/EKo5HwdWwAEIlWH_0.jpg,
EL7_lrlXkAMbLz-_0.jpg__B001305.jpg,B001305,https://socialanalytics.ex.ac.uk/congress/portraits/B001305.jpg,https://socialanalytics.ex.ac.uk/congress/validation/B001305/EL7_lrlXkAMbLz-_0.jpg,
ELdBu1wXYAAZzpk_8.jpg__N000147.jpg,N000147,https://socialanalytics.ex.ac.uk/congress/portraits/N000147.jpg,https://socialanalytics.ex.ac.uk/congress/validation/N000147/ELdBu1wXYAAZzpk_8.jpg,
EMKdFRsWoAE8kU7_4.jpg__L000589.jpg,L000589,https://socialanalytics.ex.ac.uk/congress/portraits/L000589.jpg,https://socialanalytics.ex.ac.uk/congress/validation/L000589/EMKdFRsWoAE8kU7_4.jpg,
EN8zP4UWoAAIL23_7.jpg__L000589.jpg,L000589,https://socialanalytics.ex.ac.uk/congress/portraits/L000589.jpg,https://socialanalytics.ex.ac.uk/congress/validation/L000589/EN8zP4UWoAAIL23_7.jpg,
ENTGrQdWkAEjpAr_0.jpg__W000802.jpg,W000802,https://socialanalytics.ex.ac.uk/congress/portraits/W000802.jpg,https://socialanalytics.ex.ac.uk/congress/validation/W000802/ENTGrQdWkAEjpAr_0.jpg,
EO-TwVvWkAEK2uo_3.jpg__B001295.jpg,B001295,https://socialanalytics.ex.ac.uk/congress/portraits/B001295.jpg,https://socialanalytics.ex.ac.uk/congress/validation/B001295/EO-TwVvWkAEK2uo_3.jpg,
EOQ1zWTXsAEBKVY_0.jpg__T000464.jpg,T000464,https://socialanalytics.ex.ac.uk/congress/portraits/T000464.jpg,https://socialanalytics.ex.ac.uk/congress/validation/T000464/EOQ1zWTXsAEBKVY_0.jpg,
EO_ZWL_WsAEYL0n_1.jpg__C001061.jpg,C001061,https://socialanalytics.ex.ac.uk/congress/portraits/C001061.jpg,https://socialanalytics.ex.ac.uk/congress/validation/C001061/EO_ZWL_WsAEYL0n_1.jpg,
EO_i_GCU0AAviWU_0.jpg__N000181.jpg,N000181,https://socialanalytics.ex.ac.uk/congress/portraits/N000181.jpg,https://socialanalytics.ex.ac.uk/congress/validation/N000181/EO_i_GCU0AAviWU_0.jpg,
EOgmh46X4AMpnhR_1.jpg__Y000064.jpg,Y000064,https://socialanalytics.ex.ac.uk/congress/portraits/Y000064.jpg,https://socialanalytics.ex.ac.uk/congress/validation/Y000064/EOgmh46X4AMpnhR_1.jpg,
EOmCQTGXsAA2AtK_0.jpg__D000627.jpg,D000627,https://socialanalytics.ex.ac.uk/congress/portraits/D000627.jpg,https://socialanalytics.ex.ac.uk/congress/validation/D000627/EOmCQTGXsAA2AtK_0.jpg,
EOqBLNlWoAEftrS_0.jpg__G000583.jpg,G000583,https://socialanalytics.ex.ac.uk/congress/portraits/G000583.jpg,https://socialanalytics.ex.ac.uk/congress/validation/G000583/EOqBLNlWoAEftrS_0.jpg,
EOwr3k3XsAA0-9W_3.jpg__E000215.jpg,E000215,https://socialanalytics.ex.ac.uk/congress/portraits/E000215.jpg,https://socialanalytics.ex.ac.uk/congress/validation/E000215/EOwr3k3XsAA0-9W_3.jpg,
EPDnpbaW4AYrmM5_0.jpg__M001156.jpg,M001156,https://socialanalytics.ex.ac.uk/congress/portraits/M001156.jpg,https://socialanalytics.ex.ac.uk/congress/validation/M001156/EPDnpbaW4AYrmM5_0.jpg,
EPDs_B-W4AAU6Pp_2.jpg__C001108.jpg,C001108,https://socialanalytics.ex.ac.uk/congress/portraits/C001108.jpg,https://socialanalytics.ex.ac.uk/congress/validation/C001108/EPDs_B-W4AAU6Pp_2.jpg,
EPF0nvbWAAAtgDx_5.jpg__A000367.jpg,A000367,https://socialanalytics.ex.ac.uk/congress/portraits/A000367.jpg,https://socialanalytics.ex.ac.uk/congress/validation/A000367/EPF0nvbWAAAtgDx_5.jpg,
EPP_gA-WAAEailk_1.jpg__J000126.jpg,J000126,https://socialanalytics.ex.ac.uk/congress/portraits/J000126.jpg,https://socialanalytics.ex.ac.uk/congress/validation/J000126/EPP_gA-WAAEailk_1.jpg,
EPYXDj_WkAE9_dY_1.jpg__J000301.jpg,J000301,https://socialanalytics.ex.ac.uk/congress/portraits/J000301.jpg,https://socialanalytics.ex.ac.uk/congress/validation/J000301/EPYXDj_WkAE9_dY_1.jpg,
EPZR93vXkAMbC-v_1.jpg__L000594.jpg,L000594,https://socialanalytics.ex.ac.uk/congress/portraits/L000594.jpg,https://socialanalytics.ex.ac.uk/congress/validation/L000594/EPZR93vXkAMbC-v_1.jpg,
EPj1yctXkAEBu9F_2.jpg__N000188.jpg,N000188,https://socialanalytics.ex.ac.uk/congress/portraits/N000188.jpg,https://socialanalytics.ex.ac.uk/congress/validation/N000188/EPj1yctXkAEBu9F_2.jpg,
EQBW5I7W4AAdOsb_2.jpg__H001073.jpg,H001073,https://socialanalytics.ex.ac.uk/congress/portraits/H001073.jpg,https://socialanalytics.ex.ac.uk/congress/validation/H001073/EQBW5I7W4AAdOsb_2.jpg,
EQIUF25XUAAaiTB_0.jpg__T000193.jpg,T000193,https://socialanalytics.ex.ac.uk/congress/portraits/T000193.jpg,https://socialanalytics.ex.ac.uk/congress/validation/T000193/EQIUF25XUAAaiTB_0.jpg,
EQLt55yW4AM9Aa8_4.jpg__H001067.jpg,H001067,https://socialanalytics.ex.ac.uk/congress/portraits/H001067.jpg,https://socialanalytics.ex.ac.uk/congress/validation/H001067/EQLt55yW4AM9Aa8_4.jpg,
EQmZhQqXYAQNktC_4.jpg__F000449.jpg,F000449,https://socialanalytics.ex.ac.uk/congress/portraits/F000449.jpg,https://socialanalytics.ex.ac.uk/congress/validation/F000449/EQmZhQqXYAQNktC_4.jpg,
ERFaPe_XUAEMCW0_1.jpg__U000031.jpg,U000031,https://socialanalytics.ex.ac.uk/congress/portraits/U000031.jpg,https://socialanalytics.ex.ac.uk/congress/validation/U000031/ERFaPe_XUAEMCW0_1.jpg,
ERJ4y_eWAAAIsMJ_3.jpg__J000032.jpg,J000032,https://socialanalytics.ex.ac.uk/congress/portraits/J000032.jpg,https://socialanalytics.ex.ac.uk/congress/validation/J000032/ERJ4y_eWAAAIsMJ_3.jpg,
ERKzlrkWAAIkHLM_6.jpg__R000584.jpg,R000584,https://socialanalytics.ex.ac.uk/congress/portraits/R000584.jpg,https://socialanalytics.ex.ac.uk/congress/validation/R000584/ERKzlrkWAAIkHLM_6.jpg,
ERZgRnmXkAA1ZVQ_0.jpg__D000623.jpg,D000623,https://socialanalytics.ex.ac.uk/congress/portraits/D000623.jpg,https://socialanalytics.ex.ac.uk/congress/validation/D000623/ERZgRnmXkAA1ZVQ_0.jpg,
ERpSB8nXkAMHpVd_4.jpg__K000381.jpg,K000381,https://socialanalytics.ex.ac.uk/congress/portraits/K000381.jpg,https://socialanalytics.ex.ac.uk/congress/validation/K000381/ERpSB8nXkAMHpVd_4.jpg,
ES19YFRWsAwFv_a_1.jpg__S001185.jpg,S001185,https://socialanalytics.ex.ac.uk/congress/portraits/S001185.jpg,https://socialanalytics.ex.ac.uk/congress/validation/S001185/ES19YFRWsAwFv_a_1.jpg,
ES2Co21XQAAzubu_6.jpg__F000466.jpg,F000466,https://socialanalytics.ex.ac.uk/congress/portraits/F000466.jpg,https://socialanalytics.ex.ac.uk/congress/validation/F000466/ES2Co21XQAAzubu_6.jpg,
EUc8lkGXsAU6OD4_8.jpg__B001281.jpg,B001281,https://socialanalytics.ex.ac.uk/congress/portraits/B001281.jpg,https://socialanalytics.ex.ac.uk/congress/validation/B001281/EUc8lkGXsAU6OD4_8.jpg,
EUhUFLWWsAAjy5F_4.jpg__T000470.jpg,T000470,https://socialanalytics.ex.ac.uk/congress/portraits/T000470.jpg,https://socialanalytics.ex.ac.uk/congress/validation/T000470/EUhUFLWWsAAjy5F_4.jpg,
EVXQt_CU8AADfG3_0.jpg__S001191.jpg,S001191,https://socialanalytics.ex.ac.uk/congress/portraits/S001191.jpg,https://socialanalytics.ex.ac.uk/congress/validation/S001191/EVXQt_CU8AADfG3_0.jpg,
EW8w3rmXgAI50_z_0.jpg__L000563.jpg,L000563,https://socialanalytics.ex.ac.uk/congress/portraits/L000563.jpg,https://socialanalytics.ex.ac.uk/congress/validation/L000563/EW8w3rmXgAI50_z_0.jpg,
EWzGbwyWkAc8KWa_0.jpg__G000377.jpg,G000377,https://socialanalytics.ex.ac.uk/congress/portraits/G000377.jpg,https://socialanalytics.ex.ac.uk/congress/validation/G000377/EWzGbwyWkAc8KWa_0.jpg,
EXnF9-DXkAEdYKn_0.jpg__G000562.jpg,G000562,https://socialanalytics.ex.ac.uk/congress/portraits/G000562.jpg,https://socialanalytics.ex.ac.uk/congress/validation/G000562/EXnF9-DXkAEdYKn_0.jpg,
EYbLNWPXkAwY8hg_14.jpg__J000292.jpg,J000292,https://socialanalytics.ex.ac.uk/congress/portraits/J000292.jpg,https://socialanalytics.ex.ac.uk/congress/validation/J000292/EYbLNWPXkAwY8hg_14.jpg,
EZT1T40XQAAzFeg_0.jpg__C001049.jpg,C001049,https://socialanalytics.ex.ac.uk/congress/portraits/C001049.jpg,https://socialanalytics.ex.ac.uk/congress/validation/C001049/EZT1T40XQAAzFeg_0.jpg,
Ea4WHQeXkAANUfd_1.jpg__H001067.jpg,H001067,https://socialanalytics.ex.ac.uk/congress/portraits/H001067.jpg,https://socialanalytics.ex.ac.uk/congress/validation/H001067/Ea4WHQeXkAANUfd_1.jpg,
EaV9SxhWAAAnDDo_21.jpg__J000032.jpg,J000032,https://socialanalytics.ex.ac.uk/congress/portraits/J000032.jpg,https://socialanalytics.ex.ac.uk/congress/validation/J000032/EaV9SxhWAAAnDDo_21.jpg,
EaV9SxhWAAAnDDo_33.jpg__J000032.jpg,J000032,https://socialanalytics.ex.ac.uk/congress/portraits/J000032.jpg,https://socialanalytics.ex.ac.uk/congress/validation/J000032/EaV9SxhWAAAnDDo_33.jpg,
EaZ8cxDWsAUmgdR_0.jpg__J000294.jpg,J000294,https://socialanalytics.ex.ac.uk/congress/portraits/J000294.jpg,https://socialanalytics.ex.ac.uk/congress/validation/J000294/EaZ8cxDWsAUmgdR_0.jpg,
EalwNinXgAEZui2_7.jpg__P000587.jpg,P000587,https://socialanalytics.ex.ac.uk/congress/portraits/P000587.jpg,https://socialanalytics.ex.ac.uk/congress/validation/P000587/EalwNinXgAEZui2_7.jpg,
Eb4Stq8XYAAkezO_0.jpg__C001070.jpg,C001070,https://socialanalytics.ex.ac.uk/congress/portraits/C001070.jpg,https://socialanalytics.ex.ac.uk/congress/validation/C001070/Eb4Stq8XYAAkezO_0.jpg,
Eb8UTF2UEAUFJNO_1.jpg__O000168.jpg,O000168,https://socialanalytics.ex.ac.uk/congress/portraits/O000168.jpg,https://socialanalytics.ex.ac.uk/congress/validation/O000168/Eb8UTF2UEAUFJNO_1.jpg,
EbipyYKX0AAz4GH_4.jpg__T000460.jpg,T000460,https://socialanalytics.ex.ac.uk/congress/portraits/T000460.jpg,https://socialanalytics.ex.ac.uk/congress/validation/T000460/EbipyYKX0AAz4GH_4.jpg,
EbtXhOJXgAELluW_0.jpg__S000344.jpg,S000344,https://socialanalytics.ex.ac.uk/congress/portraits/S000344.jpg,https://socialanalytics.ex.ac.uk/congress/validation/S000344/EbtXhOJXgAELluW_0.jpg,
Ec_d79xXkAIbILI_0.jpg__H001076.jpg,H001076,https://socialanalytics.ex.ac.uk/congress/portraits/H001076.jpg,https://socialanalytics.ex.ac.uk/congress/validation/H001076/Ec_d79xXkAIbILI_0.jpg,
EcggCG9XQAACZfE_0.jpg__W000809.jpg,W000809,https://socialanalytics.ex.ac.uk/congress/portraits/W000809.jpg,https://socialanalytics.ex.ac.uk/congress/validation/W000809/EcggCG9XQAACZfE_0.jpg,
Ed8UEdpWAAAY_--_0.jpg__C001049.jpg,C001049,https://socialanalytics.ex.ac.uk/congress/portraits/C001049.jpg,https://socialanalytics.ex.ac.uk/congress/validation/C001049/Ed8UEdpWAAAY_--_0.jpg,
EeIoNCMXkAEBzWW_0.jpg__D000096.jpg,D000096,https://socialanalytics.ex.ac.uk/congress/portraits/D000096.jpg,https://socialanalytics.ex.ac.uk/congress/validation/D000096/EeIoNCMXkAEBzWW_0.jpg,
EeNCFzIX0AIHfj1_2.jpg__C001056.jpg,C001056,https://socialanalytics.ex.ac.uk/congress/portraits/C001056.jpg,https://socialanalytics.ex.ac.uk/congress/validation/C001056/EeNCFzIX0AIHfj1_2.jpg,
EebOUrIX0AAiSMl_0.jpg__B000575.jpg,B000575,https://socialanalytics.ex.ac.uk/congress/portraits/B000575.jpg,https://socialanalytics.ex.ac.uk/congress/validation/B000575/EebOUrIX0AAiSMl_0.jpg,
Eech_FwWkAEZla0_3.jpg__C001049.jpg,C001049,https://socialanalytics.ex.ac.uk/congress/portraits/C001049.jpg,https://socialanalytics.ex.ac.uk/congress/validation/C001049/Eech_FwWkAEZla0_3.jpg,
EehPHulXgAIA95w_13.jpg__H001090.jpg,H001090,https://socialanalytics.ex.ac.uk/congress/portraits/H001090.jpg,https://socialanalytics.ex.ac.uk/congress/validation/H001090/EehPHulXgAIA95w_13.jpg,
Ef0vOerWAAEDewp_2.jpg__S000148.jpg,S000148,https://socialanalytics.ex.ac.uk/congress/portraits/S000148.jpg,https://socialanalytics.ex.ac.uk/congress/validation/S000148/Ef0vOerWAAEDewp_2.jpg,
Ef4qqJjXYAAVb_B_1.jpg__M001205.jpg,M001205,https://socialanalytics.ex.ac.uk/congress/portraits/M001205.jpg,https://socialanalytics.ex.ac.uk/congress/validation/M001205/Ef4qqJjXYAAVb_B_1.jpg,
EfQAIf6XoAEAFj5_2.jpg__S000510.jpg,S000510,https://socialanalytics.ex.ac.uk/congress/portraits/S000510.jpg,https://socialanalytics.ex.ac.uk/congress/validation/S000510/EfQAIf6XoAEAFj5_2.jpg,
EfeThUOWkAAr8z9_6.jpg__K000385.jpg,K000385,https://socialanalytics.ex.ac.uk/congress/portraits/K000385.jpg,https://socialanalytics.ex.ac.uk/congress/validation/K000385/EfeThUOWkAAr8z9_6.jpg,
EfmB4_PXgAEe-IT_0.jpg__P000599.jpg,P000599,https://socialanalytics.ex.ac.uk/congress/portraits/P000599.jpg,https://socialanalytics.ex.ac.uk/congress/validation/P000599/EfmB4_PXgAEe-IT_0.jpg,
EftYPbQXkAAuGGS_0.jpg__U000031.jpg,U000031,https://socialanalytics.ex.ac.uk/congress/portraits/U000031.jpg,https://socialanalytics.ex.ac.uk/congress/validation/U000031/EftYPbQXkAAuGGS_0.jpg,
EgwNZ2MWAAAmNHM_1.jpg__L000575.jpg,L000575,https://socialanalytics.ex.ac.uk/congress/portraits/L000575.jpg,https://socialanalytics.ex.ac.uk/congress/validation/L000575/EgwNZ2MWAAAmNHM_1.jpg,
Ehfs5tmWsAA_s4G_7.jpg__C001121.jpg,C001121,https://socialanalytics.ex.ac.uk/congress/portraits/C001121.jpg,https://socialanalytics.ex.ac.uk/congress/validation/C001121/Ehfs5tmWsAA_s4G_7.jpg,
Ehu1VJgX0AYRT8o_1.jpg__C000266.jpg,C000266,https://socialanalytics.ex.ac.uk/congress/portraits/C000266.jpg,https://socialanalytics.ex.ac.uk/congress/validation/C000266/Ehu1VJgX0AYRT8o_1.jpg,
EiHszA1XYAAZKvn_0.jpg__W000805.jpg,W000805,https://socialanalytics.ex.ac.uk/congress/portraits/W000805.jpg,https://socialanalytics.ex.ac.uk/congress/validation/W000805/EiHszA1XYAAZKvn_0.jpg,
Eis8LtoWAAcvbjJ_0.jpg__L000551.jpg,L000551,https://socialanalytics.ex.ac.uk/congress/portraits/L000551.jpg,https://socialanalytics.ex.ac.uk/congress/validation/L000551/Eis8LtoWAAcvbjJ_0.jpg,
Ej2EixOXkAcFhGv_6.jpg__U000039.jpg,U000039,https://socialanalytics.ex.ac.uk/congress/portraits/U000039.jpg,https://socialanalytics.ex.ac.uk/congress/validation/U000039/Ej2EixOXkAcFhGv_6.jpg,
EjgXEmVVgAAHODI_0.jpg__D000191.jpg,D000191,https://socialanalytics.ex.ac.uk/congress/portraits/D000191.jpg,https://socialanalytics.ex.ac.uk/congress/validation/D000191/EjgXEmVVgAAHODI_0.jpg,
EkAsYaFVoAEjVjb_4.jpg__L000589.jpg,L000589,https://socialanalytics.ex.ac.uk/congress/portraits/L000589.jpg,https://socialanalytics.ex.ac.uk/congress/validation/L000589/EkAsYaFVoAEjVjb_4.jpg,
EkT6VuWWAAMsqYt_0.jpg__R000122.jpg,R000122,https://socialanalytics.ex.ac.uk/congress/portraits/R000122.jpg,https://socialanalytics.ex.ac.uk/congress/validation/R000122/EkT6VuWWAAMsqYt_0.jpg,
EkdeRLBXgAEZU-w_0.jpg__G000583.jpg,G000583,https://socialanalytics.ex.ac.uk/congress/portraits/G000583.jpg,https://socialanalytics.ex.ac.uk/congress/validation/G000583/EkdeRLBXgAEZU-w_0.jpg,
El1Z3eSXgAYoFGn_1.jpg__C001118.jpg,C001118,https://socialanalytics.ex.ac.uk/congress/portraits/C001118.jpg,https://socialanalytics.ex.ac.uk/congress/validation/C001118/El1Z3eSXgAYoFGn_1.jpg,
El7E9v4W0AE-ZeA_1.jpg__Z000017.jpg,Z000017,https://socialanalytics.ex.ac.uk/congress/portraits/Z000017.jpg,https://socialanalytics.ex.ac.uk/congress/validation/Z000017/El7E9v4W0AE-ZeA_1.jpg,
ElB9mFsXgAkg3YE_0.jpg__C001117.jpg,C001117,https://socialanalytics.ex.ac.uk/congress/portraits/C001117.jpg,https://socialanalytics.ex.ac.uk/congress/validation/C001117/ElB9mFsXgAkg3YE_0.jpg,
EmP0ijmUYAseTqm_0.jpg__C001070.jpg,C001070,https://socialanalytics.ex.ac.uk/congress/portraits/C001070.jpg,https://socialanalytics.ex.ac.uk/congress/validation/C001070/EmP0ijmUYAseTqm_0.jpg,
EmffGTYXUAAAI6m_3.jpg__R000307.jpg,R000307,https://socialanalytics.ex.ac.uk/congress/portraits/R000307.jpg,https://socialanalytics.ex.ac.uk/congress/validation/R000307/EmffGTYXUAAAI6m_3.jpg,
EmjIgQDWMAYSbLC_10.jpg__S001185.jpg,S001185,https://socialanalytics.ex.ac.uk/congress/portraits/S001185.jpg,https://socialanalytics.ex.ac.uk/congress/validation/S001185/EmjIgQDWMAYSbLC_10.jpg,
EnYNNXQXcAIEjul_0.jpg__S000185.jpg,S000185,https://socialanalytics.ex.ac.uk/congress/portraits/S000185.jpg,https://socialanalytics.ex.ac.uk/congress/validation/S000185/EnYNNXQXcAIEjul_0.jpg,
EohJSBNWMAEzpIv_2.jpg__K000378.jpg,K000378,https://socialanalytics.ex.ac.uk/congress/portraits/K000378.jpg,https://socialanalytics.ex.ac.uk/congress/validation/K000378/EohJSBNWMAEzpIv_2.jpg,
EoqHUJlWEAA3tfr_5.jpg__P000612.jpg,P000612,https://socialanalytics.ex.ac.uk/congress/portraits/P000612.jpg,https://socialanalytics.ex.ac.uk/congress/validation/P000612/EoqHUJlWEAA3tfr_5.jpg,
EoqvkbeWMAU5BNB_0.jpg__H000874.jpg,H000874,https://socialanalytics.ex.ac.uk/congress/portraits/H000874.jpg,https://socialanalytics.ex.ac.uk/congress/validation/H000874/EoqvkbeWMAU5BNB_0.jpg,
EpEoG4lXIAEyWxH_0.jpg__K000378.jpg,K000378,https://socialanalytics.ex.ac.uk/congress/portraits/K000378.jpg,https://socialanalytics.ex.ac.uk/congress/validation/K000378/EpEoG4lXIAEyWxH_0.jpg,
EpYLReUXcAQwGV4_1.jpg__P000616.jpg,P000616,https://socialanalytics.ex.ac.uk/congress/portraits/P000616.jpg,https://socialanalytics.ex.ac.uk/congress/validation/P000616/EpYLReUXcAQwGV4_1.jpg,
EqqhcIfW8AIBZKi_0.jpg__G000386.jpg,G000386,https://socialanalytics.ex.ac.uk/congress/portraits/G000386.jpg,https://socialanalytics.ex.ac.uk/congress/validation/G000386/EqqhcIfW8AIBZKi_0.jpg,
ErjLCPcW8AEm5ob_1.jpg__K000378.jpg,K000378,https://socialanalytics.ex.ac.uk/congress/portraits/K000378.jpg,https://socialanalytics.ex.ac.uk/congress/validation/K000378/ErjLCPcW8AEm5ob_1.jpg,
